block_number,anomaly_percentage
0,10.001911222934723
0,49.999815225601196
0,30.002325773239136
0,10.00286117196083
0,30.000391602516174
0,20.000383257865906
0,10.004226118326187
0,0.00844320238684304
0,10.00709980726242
0,10.002291202545166
0,30.001479387283325
0,39.999228715896606
0,30.002647638320923
0,20.00332623720169
0,40.00048637390137
0,29.99902367591858
0,10.00182032585144
0,20.001928508281708
0,20.001263916492462
0,20.00192105770111
